month_day,koka,awash station,hombole,keleta,metahara,nura hera,wonji,mojo
Jan-1,36.76375,33.89982857142857,3.7636571428571433,1.3271176470588235,26.08575,34.91947368421053,35.944,3.923199999999999
Jan-2,36.79527499999999,33.306257142857135,3.744085714285714,1.3413823529411764,23.122571428571426,34.28473684210526,35.467829268292675,3.9513499999999993
Jan-3,35.8211,31.844857142857133,3.7297714285714285,1.3364705882352943,22.158357142857145,35.08894736842105,35.95407317073171,3.96215
Jan-4,37.409375000000004,32.855142857142845,3.785828571428571,1.3151764705882354,23.56460714285714,37.97789473684211,37.00858536585367,3.9578499999999996
Jan-5,37.185674999999996,34.44528571428572,3.771542857142857,1.2968235294117652,23.692499999999995,36.67421052631579,35.62431707317072,3.9558500000000003
Jan-6,38.76412500000001,34.18197142857142,3.784,1.3321470588235294,23.703821428571427,36.44736842105262,38.16973170731706,3.927400000000001
Jan-7,36.059574999999995,34.821171428571425,3.811057142857143,1.3082647058823529,26.1995,36.025263157894734,34.85609756097561,3.975025
Jan-8,37.36592499999999,35.577600000000004,3.7877142857142863,1.2860588235294115,23.868357142857146,34.89947368421052,35.966439024390255,3.965575000000001
Jan-9,36.885825,33.229942857142866,3.7465142857142855,1.2706470588235295,23.34392857142857,34.736315789473686,38.01007317073171,3.967925
Jan-10,36.379749999999994,34.496371428571415,3.7266857142857144,1.2726470588235292,25.76189285714286,35.957368421052635,37.05646341463414,3.949700000000001
Jan-11,37.25957499999999,35.36005714285714,3.8525142857142853,1.2697941176470586,21.59160714285714,36.5921052631579,36.91534146341464,3.919225
Jan-12,37.1143,34.90248571428571,4.217200000000001,1.3075588235294118,22.127857142857142,35.58,34.634195121951215,3.9983750000000007
Jan-13,37.70219999999999,33.91605714285715,4.272628571428571,1.4050882352941176,21.764428571428567,35.775789473684206,36.187292682926824,4.036375000000001
Jan-14,37.356725000000004,38.89608571428572,4.151742857142858,1.445558823529412,21.854250000000004,34.48947368421053,36.85470731707317,4.094775000000002
Jan-15,38.39897499999999,42.29082857142858,4.087628571428572,1.376235294117647,24.19339285714286,38.51368421052633,36.2440487804878,4.110400000000001
Jan-16,37.437374999999996,36.6574,3.965028571428571,1.3714411764705883,21.857642857142853,32.70421052631579,35.51285365853658,4.096300000000001
Jan-17,35.12622499999999,32.815942857142865,3.820057142857142,1.4178823529411766,20.885464285714285,36.623684210526314,35.14678048780486,4.130750000000001
Jan-18,34.38317499999999,32.11605714285713,3.7681142857142853,1.5196176470588234,20.93,35.37315789473685,34.57046341463414,4.145750000000001
Jan-19,34.359550000000006,34.4508,3.8006285714285712,1.469676470588235,24.28707142857143,34.79052631578947,31.153219512195115,4.195025000000002
Jan-20,34.06345000000002,34.20554285714286,3.8781428571428576,1.4186470588235292,22.940250000000002,32.25157894736842,31.265414634146342,4.146125000000002
Jan-21,34.910075,31.512485714285717,3.8996000000000004,1.4175588235294116,21.07921428571429,34.02789473684211,31.727243902439024,4.155075000000002
Jan-22,35.141615384615385,30.660514285714285,5.933028571428571,1.738411764705882,20.820214285714286,33.83263157894737,32.06526829268293,4.165200000000002
Jan-23,34.54020512820512,30.532714285714285,4.454828571428572,1.4113823529411764,20.518571428571427,31.20631578947368,33.281,4.205824999999999
Jan-24,33.88607692307692,33.09345714285713,4.375857142857144,1.3774117647058823,20.652749999999997,32.705789473684206,33.389,4.176024999999998
Jan-25,36.99850000000001,41.08057142857143,5.150799999999999,1.5134705882352941,22.06107142857143,34.544210526315794,34.861707317073176,4.154850000000001
Jan-26,37.48258974358974,42.62888571428572,4.153885714285713,1.482794117647059,24.273678571428572,40.514736842105265,33.312634146341466,4.20875
Jan-27,38.27005128205128,42.13345714285715,4.365428571428571,1.4702647058823526,23.972999999999995,37.29894736842105,34.0139756097561,4.2379750000000005
Jan-28,36.6934358974359,40.556428571428576,4.547485714285714,1.468441176470588,21.909321428571428,34.50473684210527,34.64178048780487,4.192324999999999
Jan-29,36.9008205128205,39.38511428571428,4.2102571428571425,1.6266470588235293,22.644464285714285,35.52,34.93202439024391,4.109175
Jan-30,36.93902564102565,38.062428571428576,4.222257142857143,1.4544705882352942,22.87307142857143,33.81105263157895,33.695268292682925,4.104025000000001
Jan-31,37.699128205128204,36.22137142857143,4.120171428571428,1.4355454545454545,21.637785714285716,34.25736842105264,34.22870731707317,4.110900000000001
Feb-1,36.90605128205128,35.11702857142858,4.217828571428571,1.5366470588235293,21.462357142857144,34.68578947368422,34.85874999999999,4.0932249999999994
Feb-2,36.84023076923078,33.828114285714285,3.917171428571429,1.4716176470588231,22.268535714285715,32.27473684210526,33.681625000000004,4.078574999999999
Feb-3,36.023225,33.21074285714286,3.8810571428571428,1.6081176470588234,21.55521428571429,32.50105263157896,33.522774999999996,4.053849999999999
Feb-4,36.003475,32.53588571428572,3.966857142857142,1.3694705882352942,21.956964285714292,33.18263157894737,33.930600000000005,4.059875
Feb-5,37.280075,33.18397142857142,4.036342857142857,1.4635588235294117,23.56110714285714,32.27789473684211,34.362525000000005,4.0573749999999995
Feb-6,35.54705,33.97182857142856,3.8428857142857145,1.4184117647058823,24.556642857142858,32.73784210526316,32.330650000000006,4.067024999999999
Feb-7,35.358875,34.67794285714285,3.9947428571428563,1.3915588235294118,23.27271428571429,33.358421052631584,33.162225,4.030474999999999
Feb-8,35.18645000000001,35.231228571428574,3.9417142857142857,1.3795,21.86717857142857,32.528421052631586,33.5615,4.022425
Feb-9,36.169225,41.033542857142855,4.059428571428571,1.4899117647058822,21.892500000000005,33.01526315789474,34.03125000000001,4.009475
Feb-10,35.682375,43.56145714285713,4.154599999999999,1.8897647058823528,22.565178571428568,34.04157894736843,35.288536585365854,4.023175
Feb-11,35.613575,40.29008571428572,4.432657142857142,1.6133823529411764,25.28739285714286,37.28526315789474,34.5509268292683,4.035725000000001
Feb-12,35.525349999999996,39.285999999999994,4.805399999999999,1.531235294117647,25.106214285714287,34.71736842105264,33.846878048780496,4.021475000000001
Feb-13,35.05800000000001,36.03648571428571,4.265485714285712,1.7043823529411761,23.337214285714285,34.21421052631579,33.730390243902434,4.023775
Feb-14,34.79112500000001,35.47839999999999,3.982942857142857,1.543441176470588,22.915714285714284,33.84105263157895,34.880525,4.052349999999999
Feb-15,35.27935000000001,38.6188,3.9347999999999996,1.4613235294117641,22.45467857142857,33.31578947368422,34.513825,4.216424999999999
Feb-16,35.499725000000005,37.4352,3.9039428571428574,1.6284117647058818,22.413321428571432,32.89421052631579,33.320675,4.179024999999998
Feb-17,35.11257500000001,37.20382857142855,4.583257142857143,1.5083529411764702,21.091785714285717,37.52894736842106,33.453275000000005,4.468149999999999
Feb-18,35.629625000000004,36.427171428571434,4.154199999999999,1.6335294117647057,22.74778571428571,36.555789473684214,33.764475000000004,4.483474999999998
Feb-19,35.071974999999995,36.32968571428571,3.839599999999999,1.6176176470588235,22.141357142857142,32.18000000000001,34.589975,4.6180249999999985
Feb-20,35.83517500000001,35.07745714285714,3.7520000000000007,1.6410588235294117,22.237142857142857,33.16105263157895,33.68962499999999,4.406574999999998
Feb-21,34.442249999999994,35.50862857142857,3.766942857142857,1.9436176470588236,22.966571428571427,35.9,34.160375,7.019574999999999
Feb-22,35.85144999999999,34.57951428571427,3.980914285714287,3.207617647058823,23.07110714285714,41.52684210526317,35.39815,4.346074999999998
Feb-23,34.877824999999994,34.33497142857143,4.0648857142857135,2.154411764705882,24.61289285714286,37.894999999999996,34.2478,4.243774999999998
Feb-24,35.10587500000001,41.52300000000001,4.353428571428571,2.271382352941176,27.302428571428575,39.977999999999994,34.48779999999999,4.488274999999998
Feb-25,35.97737499999999,34.71794285714286,4.495714285714286,2.039029411764705,22.958249999999996,37.7635,35.400425,4.276899999999998
Feb-26,35.81295,37.44585714285715,7.620114285714286,2.2808529411764704,24.12092857142857,37.372,34.58536585365854,4.395974999999998
Feb-27,37.080124999999995,39.4384,5.393999999999998,2.1075294117647054,24.32542857142857,36.8565,33.56780487804878,4.499249999999998
Feb-28,35.542125,35.9206857142857,4.689942857142856,2.3547878787878793,22.237785714285714,36.025000000000006,33.973292682926825,4.7007249999999985
Feb-29,34.269099999999995,29.18144444444444,2.5362222222222224,1.1736666666666666,19.774,38.9975,36.9755,12.16254545454545
Mar-1,37.169374999999995,32.854142857142854,5.8347999999999995,1.9842058823529414,22.0745,35.18050000000001,34.181634146341466,4.3999749999999995
Mar-2,33.192925,35.400200000000005,3.937857142857142,1.7711470588235292,21.9495,37.37800000000001,31.766073170731698,4.330049999999999
Mar-3,35.805675000000015,35.895171428571416,5.655942857142858,1.860470588235294,21.28917857142857,39.6915,33.167926829268296,4.233974999999998
Mar-4,36.39645,38.83885714285714,6.456514285714286,1.7304117647058823,21.477321428571425,38.44350000000001,33.79821951219514,4.222025
Mar-5,37.382225,35.173142857142864,8.917657142857145,2.5168823529411775,22.33478571428571,34.7525,34.2749512195122,4.176449999999997
Mar-6,36.923675,35.92851428571427,6.810714285714286,1.905970588235294,21.707714285714292,37.486000000000004,33.602121951219516,4.209174999999998
Mar-7,35.92620000000001,38.32325714285714,4.641685714285714,3.2822941176470595,20.22017857142857,34.3425,33.09641463414635,4.338025
Mar-8,34.187599999999996,38.78494285714286,7.204171428571428,2.839264705882354,22.096107142857143,37.494,32.8689268292683,4.272749999999999
Mar-9,35.597350000000006,39.22797142857143,4.977942857142858,2.205428571428571,22.701464285714287,34.887,32.94080487804879,4.196899999999999
Mar-10,35.2594,36.76282857142857,5.704028571428572,1.7678571428571428,22.418178571428573,36.641000000000005,32.638675000000006,4.544599999999999
Mar-11,36.78735,38.125971428571425,4.838314285714286,1.8562,24.514214285714285,33.0385,33.417500000000004,4.406699999999999
Mar-12,35.066874999999996,38.474571428571416,4.7460571428571425,2.164742857142857,25.735749999999996,38.9045,33.865899999999996,4.41245
Mar-13,34.391949999999994,38.14277142857142,5.6854571428571425,2.6366285714285715,23.39957142857143,41.236000000000004,33.707125,4.266399999999999
Mar-14,35.358850000000004,39.428571428571416,4.785142857142857,1.8484285714285715,23.765999999999995,35.592000000000006,32.979425,4.198774999999999
Mar-15,34.6786,39.83651428571428,4.7232571428571415,2.1148000000000002,21.99267857142857,41.570499999999996,33.376128205128204,4.2468749999999975
Mar-16,35.558749999999996,44.44205882352941,4.889685714285714,1.8212000000000004,22.749285714285712,36.13250000000001,33.44856410256411,4.294174999999998
Mar-17,34.71865000000001,48.514029411764696,4.873485714285715,1.6613529411764703,22.007178571428575,33.6965,33.636692307692314,4.3839
Mar-18,36.155800000000006,42.14911764705882,5.1106,2.0923235294117646,21.495928571428575,34.422,35.235948717948716,4.427874999999999
Mar-19,35.799849999999985,37.848911764705875,6.004142857142858,1.6079117647058825,23.847392857142857,33.923500000000004,34.209725,4.578649999999999
Mar-20,37.06230000000001,39.434029411764705,5.621714285714286,2.1510882352941176,23.693,31.5605,35.208600000000004,4.919899999999998
Mar-21,35.682249999999996,36.68297058823529,4.8758,1.4806470588235296,24.502142857142854,32.1055,34.45647500000002,4.714099999999998
Mar-22,36.72355,37.20979411764706,5.212485714285715,2.224647058823529,24.008535714285717,31.2125,34.320100000000004,4.2964
Mar-23,38.38015000000001,40.61958823529412,5.5427428571428585,2.5279705882352945,22.91803571428571,32.328,34.9467,4.32795
Mar-24,37.4668,41.63245714285714,6.205114285714287,1.6786764705882353,24.224321428571425,31.965000000000003,35.555200000000006,4.5201
Mar-25,36.271924999999996,37.64285714285714,5.037314285714285,1.7606470588235292,24.408750000000005,32.098499999999994,34.534,4.6278999999999995
Mar-26,37.159025,35.688457142857146,5.163714285714287,1.8609117647058824,23.072750000000006,31.569000000000006,33.58415000000001,4.52215
Mar-27,35.259825,37.4207142857143,5.464714285714286,2.3652352941176478,23.500642857142854,35.203,34.14412500000002,7.421825000000001
Mar-28,36.45750000000001,37.46551428571429,5.200399999999999,2.212117647058823,22.994857142857146,33.21050000000001,34.01565000000001,7.580600000000001
Mar-29,37.04135897435898,36.6246,6.09057142857143,3.263735294117647,22.323607142857146,33.7825,35.189299999999996,8.547050000000002
Mar-30,35.92546153846154,37.22994285714285,7.321942857142858,2.874382352941176,23.66928571428571,36.6285,33.97945,7.629824999999999
Mar-31,36.06915384615384,46.75722857142857,9.517371428571428,2.531333333333333,22.482928571428573,34.5185,35.1832,7.647425
Apr-1,35.85445,43.5346,6.669828571428571,2.7117352941176476,25.192785714285716,36.961,36.314829268292684,1.5738249999999996
Apr-2,35.972425,43.433028571428586,18.80394285714285,3.0035000000000007,23.951642857142865,34.759,33.75856097560976,7.3679749999999995
Apr-3,36.6635,40.783685714285724,7.448942857142856,2.6337058823529413,24.481321428571427,33.95100000000001,33.703780487804885,4.9015499999999985
Apr-4,36.39922500000001,42.26462857142857,6.7026571428571415,4.386000000000001,23.056749999999997,41.26550000000002,34.45163414634146,4.581525000000001
Apr-5,35.157225000000004,44.87291428571429,10.103200000000001,2.8469062499999995,26.699357142857142,35.475,33.837121951219515,4.7387749999999995
Apr-6,37.422300000000014,51.358200000000004,8.147057142857145,2.954999999999999,27.121678571428568,36.8925,34.20348780487804,4.9758249999999995
Apr-7,36.418850000000006,52.552342857142854,10.101457142857145,3.3247941176470586,26.39414285714286,36.5575,33.749073170731705,7.350975000000003
Apr-8,37.33815000000002,51.982399999999984,10.066542857142858,3.4627352941176466,25.082500000000003,40.364,34.025878048780484,7.592350000000001
Apr-9,35.91175,50.415257142857136,11.65671428571429,3.574205882352941,26.030178571428575,35.929500000000004,34.531902439024385,4.6503250000000005
Apr-10,36.58662500000001,44.64320000000001,7.749742857142858,3.050117647058823,25.68160714285715,34.464,33.25463414634146,4.672000000000001
Apr-11,37.156400000000005,41.010799999999996,9.1744,2.495911764705883,25.767464285714283,40.456500000000005,33.16026829268292,8.089325
Apr-12,35.10265,43.50465714285715,9.497057142857143,3.309235294117647,28.73442857142857,37.5275,34.45324390243902,6.189499999999999
Apr-13,36.995549999999994,45.14471428571429,8.977800000000002,2.1137058823529413,28.451571428571434,34.6175,35.24173170731707,4.440975000000001
Apr-14,36.54875,44.07071428571429,7.4914000000000005,2.9881470588235297,24.52725,35.959,36.286609756097555,4.572025000000001
Apr-15,37.301125000000006,47.966885714285716,9.073200000000002,2.2104411764705887,27.151500000000002,35.06150000000001,35.44153658536585,4.388175
Apr-16,36.475625,47.31097142857144,7.620885714285713,2.0272647058823527,26.05446428571429,32.53950000000001,35.26782926829268,4.223275
Apr-17,35.80585000000001,42.14945714285715,7.951085714285713,1.9478529411764707,24.237571428571425,32.836,34.01412195121951,4.174799999999999
Apr-18,36.3125,36.41637142857142,9.34717142857143,1.9890588235294118,23.14875,33.50449999999999,34.47041463414634,4.572125
Apr-19,36.096075000000006,34.30014285714285,7.184828571428571,1.9179705882352944,22.00535714285714,32.379000000000005,34.93929268292684,4.2372250000000005
Apr-20,35.082575000000006,36.01551428571428,7.100142857142858,2.14164705882353,22.841571428571427,35.251999999999995,33.77034146341464,4.281225000000002
Apr-21,36.38975,34.69857142857143,9.122085714285717,2.1443939393939395,20.447642857142856,32.051500000000004,33.97412195121952,4.264025000000002
Apr-22,37.1089,36.194828571428566,8.25762857142857,2.4033529411764705,20.19707142857143,31.9015,34.60124390243903,4.326075000000002
Apr-23,37.07937500000001,36.20071428571429,7.105114285714287,2.3422941176470586,22.12132142857143,34.2,34.02095121951219,4.253425000000002
Apr-24,36.65265,36.26591428571429,9.06682857142857,1.943151515151515,22.097357142857142,35.959500000000006,34.970658536585375,7.1228000000000025
Apr-25,37.23695,43.4548,7.663228571428572,2.9790909090909095,24.236249999999995,37.4205,34.07809756097561,4.348249999999999
Apr-26,36.71861538461538,39.87737142857143,7.74054285714286,3.1952727272727275,21.344714285714286,36.355000000000004,35.23714634146342,7.107050000000004
Apr-27,36.000717948717956,55.94251428571429,8.60397142857143,2.874272727272727,23.274535714285715,35.921,35.422317073170724,5.105525000000001
Apr-28,36.866,46.15879999999999,10.945,3.842333333333334,24.38789285714285,39.3515,37.72085365853658,4.385025
Apr-29,37.838589743589765,44.97868571428571,8.421371428571428,3.2381818181818183,25.949892857142856,42.12100000000001,36.75463414634145,9.99495
Apr-30,36.55179487179488,38.47805714285713,7.374971428571428,2.9486250000000003,21.91457142857143,35.00150000000001,36.2169756097561,4.5845
May-1,35.23605128205129,36.27042857142857,6.986342857142854,2.1073333333333335,20.43678571428572,32.83200000000001,35.280097560975605,4.482224999999998
May-2,34.84412820512821,35.40408571428571,6.879228571428571,1.938787878787879,19.631285714285717,32.1775,35.42424390243903,4.342199999999999
May-3,34.257666666666665,35.51857142857143,6.284514285714285,1.9132424242424244,19.589928571428572,32.11200000000001,35.41439024390244,4.353075
May-4,34.795794871794875,34.82999999999999,9.86242857142857,2.266272727272728,20.73564285714286,32.774000000000015,35.00139024390244,5.330424999999999
May-5,35.77671794871794,38.71594285714285,7.6136285714285705,2.2528484848484847,20.996749999999995,30.218499999999995,35.10585365853658,4.792499999999999
May-6,37.01751282051282,38.06551428571427,10.075885714285716,2.3414242424242424,25.442464285714284,31.548000000000002,36.87241463414634,8.1835
May-7,37.8465641025641,37.41122857142857,8.032057142857143,2.231,25.349249999999994,35.6425,35.88241463414633,4.550975
May-8,36.660461538461554,36.79725714285714,7.828228571428575,2.506333333333333,24.629464285714285,34.95700000000001,37.17224390243903,7.268375000000001
May-9,37.30705128205128,43.451285714285696,7.624057142857143,2.351848484848485,25.98971428571429,36.995999999999995,36.19634146341462,7.443949999999999
May-10,38.98347368421052,41.38088571428571,8.014485714285712,2.9924848484848487,25.96167857142857,33.552499999999995,37.10229268292683,5.759449999999999
May-11,38.261842105263156,39.55262857142857,8.005142857142856,2.4793333333333334,25.279142857142862,35.94950000000001,38.356,4.652124999999999
May-12,39.94918421052631,42.79114285714285,8.104714285714286,2.5286969696969694,25.190428571428573,33.8375,38.643829268292684,5.582175
May-13,39.875921052631575,50.81559999999999,8.164257142857146,3.3366969696969693,25.141714285714283,36.99049999999999,37.33180487804878,8.593150000000003
May-14,39.03076315789473,41.09877142857142,8.661428571428571,3.255242424242424,24.364518518518523,39.36500000000001,37.33087804878049,4.566299999999999
May-15,38.97052631578947,42.61508571428571,11.090571428571431,2.8171212121212124,27.471740740740742,37.705000000000005,37.09373170731706,7.728550000000004
May-16,39.20260526315789,41.563599999999994,7.808885714285715,3.0509999999999997,24.45685185185186,35.691500000000005,36.49941463414634,4.947349999999998
May-17,37.88728947368421,40.74142857142857,9.878800000000004,2.702515151515151,27.48948148148149,34.34,35.85063414634145,4.882199999999999
May-18,37.77936842105264,38.753514285714274,8.049057142857144,2.928212121212121,27.52492592592593,34.700500000000005,37.58468292682928,4.414024999999999
May-19,37.333552631578954,36.70531428571428,7.9946571428571405,2.8261212121212123,27.164481481481488,42.196,38.01152499999999,4.9232
May-20,38.15547368421055,43.23717142857145,7.948399999999997,3.219363636363635,28.230037037037036,35.165499999999994,37.50625,7.267350000000003
May-21,38.121868421052625,42.633028571428575,7.170114285714287,2.4275757575757573,26.05755555555555,43.9435,36.568650000000005,7.312350000000002
May-22,38.266589743589755,38.8856,7.806228571428572,2.55475,28.547,35.538000000000004,37.61739999999999,7.381775000000002
May-23,38.05397435897436,43.13399999999999,9.124685714285713,6.132939393939394,28.819074074074088,52.05055,37.28077499999999,10.122124999999997
May-24,37.16143589743591,41.26657142857143,8.003742857142859,3.851515151515151,28.29807407407408,48.5075,36.8174,10.39965
May-25,37.90112820512821,44.519885714285714,11.374857142857145,3.650515151515152,28.768814814814814,39.146,37.61150000000001,15.144049999999998
May-26,37.44676923076923,40.972714285714275,9.776857142857148,4.77021212121212,26.122925925925923,47.10600000000001,37.27774999999999,10.514275000000001
May-27,36.88951282051283,44.57422857142857,8.522514285714285,3.1024545454545462,27.22107407407407,46.682500000000005,36.95727499999999,7.546450000000002
May-28,36.160666666666664,42.23774285714286,8.321571428571426,3.3918484848484853,25.762037037037036,39.53080952380953,36.78554999999999,13.884374999999995
May-29,36.56684615384616,40.10691428571429,8.121057142857145,2.5138181818181815,26.417481481481477,39.630476190476195,35.762275,10.859925000000002
May-30,37.105820512820515,37.400542857142845,7.645799999999999,4.251515151515151,24.26938461538462,33.75666666666666,36.42394999999999,10.455300000000003
May-31,37.11320512820513,36.25337142857143,8.870400000000002,5.773343750000001,22.750153846153847,33.593333333333334,37.3685,10.525675000000003
Jun-1,36.12643589743589,36.21422857142856,10.477571428571432,4.64569696969697,24.618880000000004,38.06142857142858,35.18915384615385,8.449175
Jun-2,37.97182051282052,36.87134285714285,10.312742857142858,3.2076666666666664,23.7302,37.10000000000001,36.37494871794872,7.668950000000001
Jun-3,38.79997435897436,35.23591428571427,10.53377142857143,2.6304545454545454,23.438360000000003,34.919047619047625,37.64787179487179,11.3137
Jun-4,36.70215384615384,34.1738,10.665999999999999,2.4253333333333336,23.71256,36.01285714285715,37.472487179487175,8.083625000000003
Jun-5,38.01492307692307,33.45502857142857,10.054171428571431,2.505454545454545,22.797240000000002,36.08857142857143,38.78282051282053,8.311550000000006
Jun-6,39.185435897435895,31.25431428571428,10.700485714285715,3.283333333333333,21.870875,36.962857142857146,37.55871794871796,7.796650000000002
Jun-7,40.8064358974359,32.9184,9.958885714285717,2.837666666666667,22.067640000000004,36.404761904761905,37.74794871794871,10.377975000000003
Jun-8,40.64900000000001,40.71145714285714,11.186857142857148,2.2990909090909097,22.92865384615385,36.82571428571429,39.33507692307693,8.132875000000002
Jun-9,42.20225641025642,39.59654285714285,10.215885714285717,2.5786969696969697,22.508115384615387,39.28904761904763,40.288282051282046,8.398850000000001
Jun-10,40.20325641025641,38.03888235294117,10.463228571428573,2.1509062500000002,22.81452,38.924285714285716,40.36761538461538,11.92985
Jun-11,39.712102564102565,39.073911764705876,10.817742857142859,2.1115757575757574,22.194560000000003,37.18952380952381,39.42117948717949,11.327300000000001
Jun-12,39.65110256410255,38.74838235294118,11.172971428571428,2.7816363636363635,22.056240000000003,41.77904761904762,38.07515384615385,11.210375000000003
Jun-13,40.35215384615385,38.83220588235294,11.98408571428571,2.0893030303030304,23.165160000000004,35.45333333333333,38.545,9.359125000000002
Jun-14,38.81817948717949,36.500882352941176,13.62905714285714,2.0599999999999996,21.89,35.84095238095239,38.32353846153847,11.723499999999998
Jun-15,37.682538461538456,39.44164705882353,17.42845714285714,1.948969696969697,22.964239999999997,37.157142857142865,37.16294736842105,11.744049999999998
Jun-16,38.06674358974359,42.79588235294117,18.995628571428572,2.1654375000000003,22.04568,35.95142857142858,37.23452631578947,12.852999999999998
Jun-17,37.283692307692306,39.63902941176472,19.377857142857145,2.2157500000000003,21.311199999999996,33.77571428571429,37.31218421052631,12.366325
Jun-18,37.81410256410257,39.340294117647055,16.943971428571427,2.450818181818182,22.17116,35.94619047619047,37.571842105263165,15.377625
Jun-19,37.03997435897435,37.57311764705883,23.651257142857144,4.489848484848484,22.66364,36.297142857142866,37.71636842105264,12.861575000000002
Jun-20,38.10605128205128,37.942441176470595,22.521428571428583,3.369727272727273,21.230320000000003,37.1252380952381,36.489763157894735,12.783675
Jun-21,36.95610256410256,38.19988235294118,21.262828571428564,2.5725757575757573,20.481479999999998,41.23857142857143,37.74344736842106,10.296125
Jun-22,37.133666666666656,38.851000000000006,21.064457142857144,2.79546875,19.20844,35.98476190476191,38.633815789473694,17.168575000000008
Jun-23,36.95641025641025,39.424499999999995,21.072857142857153,2.361096774193548,20.364759999999997,37.240476190476194,37.20813157894736,9.626949999999999
Jun-24,36.438769230769225,41.03835294117647,27.11297142857143,2.60053125,20.462600000000002,38.77714285714286,38.067026315789484,10.265250000000004
Jun-25,36.6244358974359,41.25149999999999,27.489800000000002,3.0159393939393944,21.27772,38.59666666666667,38.973216216216215,18.007925000000007
Jun-26,37.61374358974359,38.709264705882354,28.29351428571428,3.018030303030303,22.551959999999998,39.710952380952385,38.84616216216216,18.708599999999997
Jun-27,36.87120512820513,38.77841176470589,36.78008571428572,3.0527575757575756,21.49864,40.515714285714296,38.740297297297296,18.042449999999995
Jun-28,37.12620512820513,45.09688235294118,32.98194285714285,4.507969696969697,23.896240000000002,51.583809523809535,41.771918918918914,18.916099999999997
Jun-29,37.11433333333333,47.04402941176471,40.93554285714285,4.43303125,25.656439999999996,47.69904761904762,42.594729729729735,29.469025
Jun-30,36.98648717948719,50.51779411764704,33.24962857142856,5.124031250000002,25.108999999999995,47.247619047619054,40.991189189189186,23.236449999999998
Jul-1,37.23373684210526,47.88255882352943,36.72382857142857,4.239,27.315720000000002,45.35333333333334,39.834432432432436,20.620450000000005
Jul-2,37.44502631578946,55.23535294117647,41.40114285714286,4.291193548387098,26.290240000000004,44.90190476190477,40.56318918918921,29.158799999999992
Jul-3,37.912631578947355,53.088088235294116,41.68648571428571,5.38296875,26.549400000000002,47.41095238095238,40.87174999999999,27.1318
Jul-4,37.575999999999986,55.55835294117647,43.23937142857143,6.857354838709677,27.760038461538464,51.533333333333346,40.64855555555556,23.7699
Jul-5,36.8255,57.081764705882364,44.4543142857143,7.044906250000002,26.697599999999998,47.717619047619046,40.46294444444444,24.786799999999996
Jul-6,38.39302631578947,54.026617647058806,56.257714285714286,5.971322580645161,28.278039999999997,55.11761904761906,41.078527777777786,19.763524999999998
Jul-7,39.08981578947369,61.45261764705883,52.43365714285714,4.861709677419355,29.741839999999996,50.51047619047619,41.95847222222221,22.910400000000006
Jul-8,37.654236842105256,71.27905882352941,54.57048571428572,6.617225806451614,29.530520000000003,58.54428571428573,42.36847222222223,19.692925000000002
Jul-9,38.04744736842103,69.6040588235294,54.14745714285714,6.974843749999999,29.017519999999994,58.26619047619046,42.44827777777779,26.5707
Jul-10,39.698499999999996,66.01044117647061,71.65788571428573,5.55478125,33.141560000000005,53.89190476190476,45.40616666666668,26.021225000000005
Jul-11,39.69989473684209,73.14611764705884,73.97648571428572,5.537906250000001,36.019040000000004,61.76571428571428,45.65391891891892,37.041
Jul-12,39.22778947368422,73.81532352941176,75.41162857142857,6.676545454545452,36.70051999999999,56.175714285714285,44.36437837837839,39.880175
Jul-13,39.61252631578947,73.38558823529411,78.77331428571429,5.515727272727272,36.373,57.206190476190486,44.809378378378376,34.52990000000001
Jul-14,37.758999999999986,72.25673529411765,65.96691428571428,5.332874999999999,38.1878,57.903809523809514,46.396162162162156,35.798624999999994
Jul-15,37.65327027027027,78.6350294117647,72.82245714285713,7.83860606060606,40.39459999999999,58.981904761904765,44.677486486486494,37.621174999999994
Jul-16,36.90054054054054,77.83976470588237,77.31282857142855,8.141272727272726,34.947320000000005,62.34142857142859,42.63759459459459,39.17979999999999
Jul-17,36.72815789473685,82.01773529411764,81.5774,10.656677419354839,36.024519999999995,60.480952380952374,43.65691891891891,42.02580000000001
Jul-18,36.82668421052631,82.58438235294118,88.64191428571428,16.741709677419358,41.11516,61.16523809523809,42.263702702702716,38.33302499999999
Jul-19,38.21742105263157,88.9484705882353,118.91125714285718,13.099677419354839,47.108360000000005,56.188095238095244,41.993351351351365,49.24922500000001
Jul-20,40.108921052631565,85.25250000000003,111.93277142857144,20.083741935483875,42.250280000000004,58.42428571428573,41.39235135135135,48.336375000000004
Jul-21,38.60692105263156,79.98011764705883,121.4283428571429,9.977187500000003,41.33624,54.83619047619048,41.350243243243256,46.411375
Jul-22,37.44023076923076,85.8924411764706,130.1643714285714,9.069793103448276,41.0272,55.26428571428572,41.43124324324325,43.74275000000001
Jul-23,40.15333333333332,90.90008823529415,136.38434285714285,13.964800000000002,41.092079999999996,57.16523809523811,41.02997297297296,47.604924999999994
Jul-24,38.99579487179487,97.49214705882353,146.52908571428574,8.597482758620691,49.54536,64.96238095238094,41.65432432432432,50.13280000000001
Jul-25,38.00089743589743,108.87085294117647,137.87008571428572,11.972161290322582,49.01068,52.72476190476192,44.71045945945946,50.926025
Jul-26,38.15124999999999,111.15702941176471,140.39219999999997,9.903935483870969,53.12259999999999,60.81571428571428,45.01578947368423,38.89700000000001
Jul-27,39.127425,94.42633333333335,137.7708,11.850866666666667,47.957040000000006,61.348571428571425,44.21210526315789,40.144850000000005
Jul-28,41.337925,90.99221212121209,155.79742857142855,9.885612903225809,47.42904166666667,53.155714285714296,44.94752631578947,63.003724999999996
Jul-29,41.49197499999999,85.00042424242426,174.23997142857147,9.477454545454547,50.472583333333326,54.81095238095239,46.68342105263159,60.11815
Jul-30,41.82989999999999,107.67321212121212,175.70054285714286,18.41969696969697,54.00591666666666,55.97285714285714,45.401210526315786,60.562625000000004
Jul-31,42.978824999999986,108.70557575757574,159.51265714285714,14.750757575757575,58.64716666666667,54.64149999999999,45.78292105263157,54.291025000000005
Aug-1,42.790425,106.78848484848486,161.15917142857145,13.13581818181818,54.96641666666667,60.52142857142857,48.512526315789465,57.349199999999996
Aug-2,42.42535,112.78969696969695,175.84705714285712,10.392454545454546,55.88566666666668,72.17761904761906,47.67292105263158,63.933674999999994
Aug-3,42.27572500000001,99.12536363636364,174.5508857142857,12.660781249999998,56.55641666666667,60.448571428571434,46.472105263157886,59.41517499999999
Aug-4,42.4034,108.54063636363638,191.13397142857147,10.876624999999997,51.44433333333334,59.107619047619046,47.55350000000001,77.67920000000001
Aug-5,42.440974999999995,102.83799999999997,187.38314285714281,11.37196875,54.56183333333334,60.059523809523796,46.80757894736843,72.19865000000001
Aug-6,43.4124,96.03433333333334,185.33042857142854,14.480941176470587,52.98437500000001,75.06142857142858,49.07307894736842,60.992300000000014
Aug-7,44.96832499999999,100.83524242424241,188.20834285714287,12.611333333333333,59.389874999999996,65.22047619047619,49.24231578947368,71.89227500000001
Aug-8,46.457899999999995,96.15669696969697,199.38191428571426,13.35821212121212,58.21366666666666,62.717619047619046,51.14520512820513,66.425425
Aug-9,46.043150000000004,103.86539393939394,207.37040000000005,19.606093750000007,67.34383333333334,66.50095238095238,54.384974358974375,71.09520000000002
Aug-10,50.877525,118.29496969696969,205.22162857142857,19.423774193548386,70.48945833333333,60.12190476190477,53.314307692307686,86.13274999999999
Aug-11,53.29292499999999,136.11067647058823,215.46248571428575,15.845181818181821,63.129916666666674,68.07619047619048,55.007897435897426,71.57590000000002
Aug-12,58.42660000000001,139.69549999999995,236.69622857142858,15.970062500000003,67.59779166666667,77.32809523809526,54.101631578947355,91.91019512195122
Aug-13,62.847600000000014,117.19287499999999,212.23237142857144,15.690966666666665,74.0115,75.6752380952381,55.917210526315785,71.07517500000003
Aug-14,61.97190000000002,141.9645454545455,226.73200000000003,14.526774193548393,71.98470833333333,73.59619047619046,60.48721052631578,79.62780000000001
Aug-15,62.66422500000001,129.3297272727273,233.08751428571432,17.667064516129035,71.60433333333334,75.20095238095239,62.54510526315791,85.56432500000003
Aug-16,65.07244999999999,121.55351515151516,223.92622857142857,18.061363636363637,66.23754166666666,73.78952380952383,61.73128947368421,80.82724999999999
Aug-17,68.45022500000002,120.92454545454545,214.97482857142862,14.840827586206897,68.98420833333333,71.04476190476191,65.42055263157894,66.5592
Aug-18,68.92569230769233,131.93242424242422,200.57045714285712,14.904103448275862,78.51637500000001,74.84857142857145,68.39244736842105,72.57067500000001
Aug-19,72.96889743589743,128.32596969696968,205.4130285714286,15.17589655172414,83.67170833333336,74.39238095238095,69.07368421052634,70.94825
Aug-20,74.12235897435899,123.18878787878789,226.00922857142857,14.001366666666664,88.731375,72.73857142857142,72.11563157894737,75.4616
Aug-21,77.41284615384615,110.07921875,213.1188,12.936068965517237,81.475,77.17476190476191,74.81068421052633,81.8086
Aug-22,77.98866666666666,131.69560606060605,233.9403714285714,14.085275862068965,80.20120833333333,77.66333333333333,75.1482105263158,71.68325000000002
Aug-23,86.34779487179487,128.28818750000002,236.31662857142854,15.713433333333334,84.51633333333335,74.74571428571429,75.1895,74.97855
Aug-24,91.92815384615385,129.21990909090906,230.84754285714277,16.157548387096778,81.45369565217393,78.98238095238096,77.6998108108108,67.11855
Aug-25,101.02279487179489,139.03424242424242,200.78237142857142,15.29309375,82.46954166666667,85.61476190476189,73.54380555555555,70.55255
Aug-26,110.41261538461542,135.71663636363638,199.1794571428572,16.64746666666667,82.602125,88.58238095238096,79.28205555555554,66.524575
Aug-27,100.0546842105263,128.85969696969696,214.71868571428573,14.153033333333333,86.71404347826085,88.07523809523809,82.3067222222222,71.05697500000001
Aug-28,99.2829210526316,136.969,197.64908571428575,16.098500000000005,93.74278260869565,94.34476190476191,77.93336111111108,68.16855000000002
Aug-29,99.92500000000001,138.68860606060605,200.8143142857143,15.444451612903226,87.05000000000001,101.17142857142856,78.6682222222222,70.80785000000002
Aug-30,103.59815789473683,151.35857575757578,207.89125714285709,13.973600000000001,84.7725652173913,103.82571428571427,81.1541111111111,70.77647500000002
Aug-31,101.14668421052633,158.8666875,204.28879999999998,20.936448275862066,87.87208333333332,89.117,83.64155555555553,70.35265000000001
Sep-1,99.44402631578946,163.62642424242426,201.16460000000004,15.87936666666667,92.87029166666669,96.27399999999997,82.15227777777777,62.408250000000024
Sep-2,99.12778947368422,169.48263636363637,185.32642857142855,15.010290322580646,94.12520833333332,99.01700000000001,84.53950000000002,58.48832500000001
Sep-3,99.33586842105262,167.12027272727272,189.53328571428574,15.82641935483871,94.80612500000001,98.03400000000002,78.24337142857144,56.71075
Sep-4,102.72268421052634,158.3500606060606,173.0796,19.01119354838711,96.29075,100.94000000000003,80.15965714285714,51.137325000000004
Sep-5,106.69973684210524,148.85751515151514,170.9108285714285,12.523433333333335,94.07291666666664,103.9435,83.91102857142859,57.11740000000001
Sep-6,107.52213157894735,145.94427272727276,171.3456,12.912366666666667,93.94929166666664,103.61700000000003,85.84717647058822,55.26015000000003
Sep-7,100.3552894736842,142.65245454545456,161.1626571428571,11.945093749999996,91.3820416666667,112.224,89.05685714285713,50.024125000000005
Sep-8,101.91299999999998,151.8809090909091,162.46608571428575,15.097969696969699,89.73224999999998,122.215,89.90537142857141,48.536874999999995
Sep-9,107.61299999999997,150.29457575757579,156.36811428571426,17.222757575757583,92.50237499999999,123.46099999999998,92.03305714285715,42.527425
Sep-10,106.25391891891891,152.3005454545455,138.80297142857142,13.531483870967746,99.67245833333334,108.81350000000002,92.64758333333333,39.83444999999999
Sep-11,103.53135135135133,156.20966666666664,144.56199999999998,24.139806451612905,103.7384,111.37,93.09202777777779,42.0986
Sep-12,105.79032432432433,160.02745454545453,131.6662,13.519848484848486,110.18139999999998,99.11249999999998,93.29394444444446,40.679424999999995
Sep-13,101.93389189189189,176.51624242424236,118.20722857142856,19.94796774193549,108.49444000000001,101.76900000000002,96.02336111111111,30.154549999999983
Sep-14,101.26324324324324,160.54036363636368,113.78922857142857,14.450300000000002,102.82096000000001,108.60100000000003,88.44062857142856,28.009300000000003
Sep-15,97.58945945945945,151.79548484848488,119.83617142857142,12.987064516129031,99.25012500000001,105.6,86.40762857142856,24.429450000000003
Sep-16,95.05405405405405,153.84769696969698,112.4636571428571,13.767249999999997,90.3942,106.13190476190476,82.18331428571429,23.094524999999997
Sep-17,90.59451351351355,156.83109090909096,107.21262857142855,9.85139393939394,96.83696000000002,99.99857142857144,81.41661111111111,24.328475
Sep-18,84.61313513513514,146.0530303030303,107.85511764705882,14.6688064516129,93.91072,104.90666666666667,78.35730555555557,22.53747500000001
Sep-19,81.71783783783783,138.9002121212121,91.47811428571427,13.12922580645161,90.5342,102.57666666666665,77.85666666666665,17.1264
Sep-20,80.8196052631579,130.1562121212121,80.3556285714286,11.642812500000005,89.41296,89.47809523809526,75.14469444444444,16.89365
Sep-21,77.55834210526318,126.66433333333336,82.05102857142859,11.531151515151516,86.16392,91.4252380952381,76.57340540540538,11.979950000000002
Sep-22,74.13186842105264,121.01639393939394,74.22082857142856,9.196352941176471,92.08816,84.41904761904762,72.3255945945946,15.518900000000007
Sep-23,67.6490263157895,117.26726470588238,76.00151428571432,9.543882352941175,82.89703846153846,86.14952380952383,69.6271891891892,16.011924999999998
Sep-24,64.6296842105263,114.68897058823529,69.80522857142861,10.402764705882348,72.96842307692307,79.6890476190476,68.36451351351353,14.724275000000002
Sep-25,64.43976315789473,107.24532352941182,61.061314285714275,10.62911764705882,70.51146153846153,79.13904761904762,66.0125135135135,16.457500000000003
Sep-26,62.45065789473683,101.88335294117648,57.18902857142857,10.175058823529408,59.36080769230769,82.99190476190476,65.26775675675675,7.6382
Sep-27,60.5498947368421,97.48705882352941,48.47105714285715,6.553235294117647,58.27940740740741,78.11666666666666,62.460378378378365,4.670450000000001
Sep-28,58.889552631578944,94.7180294117647,46.798085714285726,7.104352941176471,60.25633333333332,75.74952380952382,61.372459459459456,9.9417
Sep-29,57.97570270270269,91.72388235294117,42.0362,6.525264705882353,52.99922222222222,73.91428571428573,59.456216216216205,10.333874999999999
Sep-30,54.77170270270269,79.72694117647059,38.08465714285715,6.513121212121211,47.665074074074084,62.345238095238095,58.59786486486487,9.933849999999998
Oct-1,54.27066666666667,76.08514705882351,36.27382857142857,8.009794117647058,44.961814814814815,62.92333333333334,54.42751351351351,7.042775000000002
Oct-2,53.06525641025641,71.39529411764704,34.00388571428572,7.466676470588237,44.19453571428571,62.31476190476191,52.85032432432432,7.158475
Oct-3,52.89684615384618,71.31035294117646,30.538257142857148,5.801121212121212,41.2012857142857,57.13047619047618,53.352861111111125,4.2859750000000005
Oct-4,51.61028205128205,80.3374857142857,27.666828571428574,5.8918823529411775,38.950071428571434,60.86428571428571,53.413694444444445,4.338900000000001
Oct-5,50.27617948717948,68.89402857142856,26.586000000000002,5.5249999999999995,39.829071428571424,58.392857142857146,52.70374999999999,4.308250000000002
Oct-6,51.72035897435897,64.45037142857143,24.328485714285712,5.918147058823529,38.664678571428574,60.30952380952381,50.95897222222223,7.258075
Oct-7,47.0195641025641,60.92891176470586,23.33417142857143,6.218029411764707,36.54342857142857,59.070000000000014,48.7175,4.360475000000003
Oct-8,46.756025641025644,62.37191176470589,22.469342857142856,8.656121212121212,35.22367857142857,59.989999999999995,47.16873684210526,4.211700000000002
Oct-9,46.82,66.2580857142857,19.94308571428571,6.348727272727271,39.92978571428571,52.341904761904765,44.19541025641026,4.27765
Oct-10,45.988820512820496,56.7746,22.334657142857147,5.890757575757576,35.42857142857143,48.047142857142866,43.045692307692306,11.6671
Oct-11,43.947153846153846,52.571257142857135,26.728714285714283,8.706882352941179,31.93639285714286,43.91809523809525,42.25384615384615,8.27
Oct-12,44.94410526315791,51.5556,21.846942857142857,5.10770588235294,31.427178571428573,45.853809523809524,43.04984615384615,9.944149999999999
Oct-13,42.30863157894737,49.59425714285715,18.653114285714288,4.543088235294117,31.802500000000006,42.530952380952385,42.434641025641035,6.804900000000001
Oct-14,40.296578947368424,49.78165714285715,17.841400000000004,4.224147058823529,30.279178571428563,45.19761904761905,41.24910000000001,4.0759000000000025
Oct-15,41.43521052631579,51.48365714285715,15.523742857142855,4.093794117647059,29.42053571428571,41.320952380952384,41.013549999999995,4.030375000000002
Oct-16,41.12486842105263,49.6668,14.702285714285715,4.6157941176470585,26.884214285714286,43.80666666666667,39.873575,4.150275000000002
Oct-17,40.53115789473684,48.1880857142857,13.324114285714284,4.710529411764704,27.932464285714286,41.6857142857143,39.199574999999996,4.137950000000003
Oct-18,41.06420512820514,45.827171428571425,12.499885714285714,4.200823529411765,26.110249999999997,39.73428571428572,39.406425000000006,4.116550000000002
Oct-19,38.65702564102564,42.64242857142857,12.097199999999997,4.427529411764706,28.014642857142857,41.55095238095238,41.15125,7.3322499999999975
Oct-20,38.804358974358976,40.93234285714285,12.781142857142857,4.036941176470588,28.83046428571429,39.76761904761905,39.565736842105274,4.190125000000003
Oct-21,38.11700000000001,41.6868,12.92702857142857,3.8870294117647064,28.10892857142857,37.79190476190476,38.99897368421054,3.799975000000002
Oct-22,36.9184358974359,41.30497142857142,11.522199999999998,3.3040000000000003,24.813642857142856,38.19523809523809,38.42481578947368,0.8346000000000002
Oct-23,36.339461538461535,39.44688571428571,11.408885714285711,2.9539705882352942,25.126107142857137,37.15285714285716,39.5697435897436,3.5085250000000014
Oct-24,36.7735641025641,37.67557142857142,10.342685714285713,2.9222647058823528,29.29003571428571,37.325238095238106,39.598769230769236,4.066250000000002
Oct-25,36.75982051282051,37.660799999999995,9.855828571428571,2.9546176470588232,22.103928571428565,37.93333333333334,38.310512820512834,4.0827500000000025
Oct-26,37.480179487179484,43.62140000000001,10.271799999999999,4.892941176470589,21.476821428571423,42.35142857142856,38.379692307692316,4.144500000000002
Oct-27,38.81274358974359,45.48482857142857,9.35382857142857,3.3434705882352938,22.130999999999997,38.990952380952386,37.88197435897436,4.171875000000002
Oct-28,39.739,50.00534285714285,9.714228571428572,3.6764411764705875,21.43935714285714,41.52333333333335,37.64661538461537,4.561625000000001
Oct-29,38.720897435897434,48.27465714285715,9.87337142857143,3.2411875000000006,23.206428571428578,39.36666666666666,38.04710256410257,5.705375000000001
Oct-30,39.17558974358975,46.42791428571427,10.501085714285715,4.060939393939393,25.07846428571429,40.33142857142858,37.601974358974374,5.9727250000000005
Oct-31,40.170076923076905,49.342514285714294,22.9416,3.4524999999999997,22.6165,41.24142857142857,38.5605641025641,5.053675
Nov-1,38.264948717948705,45.97899999999999,14.92294285714286,2.9400000000000004,21.372928571428567,41.841904761904765,38.209026315789465,4.524350000000001
Nov-2,37.64576923076923,49.91274285714284,18.288771428571433,2.5806363636363643,21.02321428571429,45.19333333333335,40.73228947368422,4.139125000000001
Nov-3,38.97971794871795,43.98871428571427,17.615628571428577,2.338606060606061,23.012535714285715,39.71666666666667,39.17576315789472,4.094300000000001
Nov-4,37.11851282051282,41.654428571428575,15.50182857142858,2.1362727272727273,21.653428571428574,35.56095238095237,36.37705263157894,4.0619
Nov-5,34.96443589743589,39.997599999999984,14.475657142857147,2.0064545454545453,20.556285714285714,34.99380952380953,37.16853846153846,4.051550000000001
Nov-6,35.54102564102564,37.831285714285706,13.362057142857147,1.924393939393939,20.646607142857142,36.166666666666664,36.97364102564103,4.05395
Nov-7,35.28835897435897,37.21451428571428,12.162885714285718,1.8098484848484846,21.461000000000006,33.586190476190474,35.80897435897436,4.064975000000001
Nov-8,34.460846153846155,34.85874285714285,9.939857142857145,1.7715757575757576,22.429821428571426,33.327619047619045,36.00074358974359,4.041125000000001
Nov-9,35.91897435897435,34.781257142857136,9.782028571428572,1.8079393939393942,21.19532142857143,34.539523809523814,36.375820512820525,4.00505
Nov-10,35.35007692307693,34.73539999999999,10.933628571428573,1.7750303030303032,20.948000000000004,36.596666666666664,36.66964102564103,4.02365
Nov-11,34.53638461538461,36.11617142857142,8.724828571428574,2.320029411764706,21.30832142857143,34.93238095238095,36.82907692307693,4.05935
Nov-12,35.51592307692308,35.29405714285714,7.861114285714286,2.0554117647058825,21.497607142857145,35.47285714285714,35.777974358974355,4.049875000000001
Nov-13,34.8054358974359,34.77145714285715,7.593457142857143,1.9778823529411766,21.30603571428572,37.20095238095238,35.54653846153846,4.052675000000001
Nov-14,35.32725641025641,43.838771428571434,7.3793999999999995,1.981941176470588,22.60485714285714,35.009047619047614,35.2182564102564,4.067925000000001
Nov-15,35.18876923076922,37.13017142857142,7.208371428571429,1.9174705882352938,20.996464285714286,38.789047619047615,35.76874358974358,4.035075000000001
Nov-16,34.87189743589743,36.550885714285705,6.918285714285714,1.758294117647059,20.752678571428568,36.08285714285713,37.091692307692306,4.032850000000001
Nov-17,35.24657894736842,33.14102857142857,6.688314285714287,1.8552058823529414,21.500035714285712,38.52238095238095,37.587538461538465,4.006025000000002
Nov-18,35.31694736842104,33.45522857142857,6.567257142857142,1.7934117647058823,22.278392857142855,37.85142857142857,36.7931794871795,4.0108000000000015
Nov-19,33.84534210526315,32.58162857142857,6.516114285714286,1.8020857142857138,20.957142857142863,35.86904761904763,36.41430769230769,4.008000000000002
Nov-20,34.75444736842105,32.48779999999999,6.4157714285714285,1.8137428571428569,20.689071428571427,36.019523809523804,36.65171794871793,4.009150000000002
Nov-21,33.950236842105255,32.620485714285714,6.319028571428572,1.7913714285714284,19.976035714285718,37.06142857142857,36.239999999999995,4.018475000000001
Nov-22,33.83902631578946,31.7208,6.186400000000002,1.918028571428571,21.15675000000001,36.348571428571425,35.94465000000001,4.022975000000001
Nov-23,33.9538947368421,31.47314285714285,6.158257142857143,1.8072857142857144,20.018607142857142,36.521904761904764,36.849125,4.024775
Nov-24,35.809205128205136,31.073199999999996,6.057457142857142,1.7943714285714285,20.148607142857138,44.33238095238096,36.812075,4.0138750000000005
Nov-25,34.77094871794872,31.541942857142853,6.034257142857142,1.733942857142857,21.137071428571428,37.74619047619048,35.642975,4.0225500000000025
Nov-26,34.07687179487179,31.469514285714286,5.870457142857144,1.701142857142857,20.139928571428577,35.67238095238095,35.51367499999999,3.9808500000000016
Nov-27,35.760076923076916,31.394285714285708,5.679914285714287,1.6897999999999995,19.963214285714287,36.89857142857142,36.794775,3.9906250000000023
Nov-28,34.37074358974358,30.77639999999999,5.670028571428572,1.6538857142857142,20.897035714285717,37.364761904761906,38.062875,4.0028000000000015
Nov-29,33.21743589743589,31.148885714285715,5.516742857142859,1.6276285714285712,21.545107142857145,38.56857142857143,36.396425,4.006775000000003
Nov-30,33.96833333333333,32.295771428571435,5.403599999999998,1.6373529411764705,20.906464285714286,38.76952380952381,38.333075,4.025100000000002
Dec-1,35.17992307692306,33.92605714285714,5.242685714285713,1.5885142857142855,21.296392857142855,37.21666666666666,38.60161538461539,4.0241500000000014
Dec-2,34.437025641025635,33.511714285714284,5.156171428571429,1.5715714285714284,21.248321428571433,37.96904761904763,37.243871794871794,4.001525000000002
Dec-3,34.19614999999998,33.51734285714286,5.0736,1.5622000000000003,22.373428571428573,37.69761904761905,37.2327435897436,4.006025000000001
Dec-4,35.1365,33.837028571428576,5.078314285714285,1.5487714285714287,21.201464285714284,38.41238095238095,36.200076923076935,4.0569000000000015
Dec-5,35.384025,32.45805714285714,5.009971428571429,1.5312857142857144,21.510928571428572,34.60190476190477,36.28702564102564,4.047800000000001
Dec-6,34.88634999999999,31.05111428571429,4.903571428571429,1.5038285714285717,21.266535714285716,37.480476190476196,36.6974358974359,4.0523250000000015
Dec-7,35.81579999999999,30.103171428571425,5.103171428571429,1.5222000000000002,20.846821428571424,36.578095238095244,37.51425641025641,4.101900000000002
Dec-8,35.8257,30.721057142857152,4.9068571428571435,1.5037714285714283,21.234607142857147,36.822857142857146,38.30292307692308,4.077050000000002
Dec-9,34.38532499999999,31.543999999999993,4.7827142857142855,1.4935714285714285,21.19032142857143,36.7752380952381,36.97410256410256,4.0775000000000015
Dec-10,35.17775,32.7072,4.669257142857143,1.5036571428571428,21.26760714285714,37.20571428571428,36.639589743589745,4.102525000000003
Dec-11,37.44012499999998,31.62265714285714,4.646114285714287,1.5429142857142857,21.111107142857144,38.51761904761905,36.29292307692308,3.9283250000000023
Dec-12,35.92999999999999,32.22954285714286,4.6211714285714285,1.5312571428571429,21.537928571428576,38.555238095238096,36.51512820512821,3.9174250000000024
Dec-13,34.29754999999999,33.38411428571428,4.81297142857143,1.5024857142857144,21.622714285714288,37.17333333333334,36.29602564102563,3.9240000000000017
Dec-14,34.69362499999999,32.50834285714286,4.6010857142857144,1.5048,21.52114285714286,38.280952380952385,35.875325000000004,3.961400000000002
Dec-15,35.21862500000001,33.60145714285714,4.4644,1.5493428571428574,21.657642857142857,41.411904761904765,35.35119999999999,3.964675000000002
Dec-16,35.95122499999999,35.9,4.308200000000001,1.4986285714285714,21.78378571428571,38.221428571428575,34.73254999999999,3.969875000000001
Dec-17,35.6944,33.78391428571429,4.235942857142858,1.5349714285714284,20.98675,36.43571428571429,34.975825,3.9793500000000015
Dec-18,35.278274999999994,31.18588571428571,4.179657142857143,1.5353714285714284,21.39503571428571,37.264761904761905,36.23505,4.013325000000002
Dec-19,36.45482499999999,31.19205714285714,4.137371428571428,1.4831428571428569,20.945178571428574,37.839047619047626,35.89287499999999,3.978075000000002
Dec-20,35.4631,31.17442857142857,4.154628571428572,1.4586571428571427,20.57611111111111,37.501428571428576,35.946850000000005,3.9847250000000023
Dec-21,36.6299,31.639714285714287,4.102828571428573,1.446,21.185571428571425,38.729523809523805,35.04730000000001,3.970800000000002
Dec-22,37.097449999999995,31.25397142857142,4.078714285714287,1.422714285714286,20.39710714285714,36.240476190476194,35.89957500000001,3.9678250000000004
Dec-23,36.92174999999999,30.246742857142856,4.022085714285715,1.4193428571428572,21.439777777777774,36.51190476190476,36.81720512820513,3.9682250000000012
Dec-24,37.357425000000006,32.20265714285714,3.9714857142857145,1.3994,20.628642857142857,34.980476190476196,36.33171794871796,3.9670500000000017
Dec-25,37.446625,31.177285714285713,4.063057142857143,1.3972285714285715,21.13842857142857,36.66761904761905,37.244461538461536,3.9786000000000015
Dec-26,36.146525,31.71468571428571,4.049371428571429,1.4044857142857143,21.512499999999996,38.1952380952381,36.57676923076924,3.974825000000002
Dec-27,36.84135,37.94734285714286,3.914228571428572,1.3780857142857141,21.306214285714283,36.086666666666666,36.46194871794872,3.9773500000000004
Dec-28,36.31605,34.6382,3.927028571428572,1.3840857142857144,22.000892857142855,39.24333333333334,36.41541025641026,3.9872000000000005
Dec-29,36.19470000000001,35.722371428571435,3.9149714285714285,1.374514285714286,22.811785714285712,38.34285714285715,35.80471794871796,3.991250000000001
Dec-30,35.600274999999996,34.002571428571436,3.879885714285714,1.405228571428572,21.670107142857145,38.81285714285715,36.788333333333334,4.000950000000001
Dec-31,35.206525,32.77262857142857,3.849142857142858,1.4025882352941177,22.81289285714286,38.51190476190476,35.27664102564103,3.9887750000000013
